<!--
/*
 * Copyright 2005-2008 Sun Microsystems, Inc. All Rights Reserved.
 * DO NOT ALTER OR REMOVE COPYRIGHT NOTICES OR THIS FILE HEADER
 * 
 * This code is free software; you can redistribute it and/or modify
 * it under the terms of the GNU General Public License version 2
 * only, as published by the Free Software Foundation.
 * 
 * This code is distributed in the hope that it will be useful, but
 * WITHOUT ANY WARRANTY; without even the implied warranty of
 * MERCHANTABILITY or FITNESS FOR A PARTICULAR PURPOSE. See the GNU
 * General Public License version 2 for more details (a copy is
 * included in the LICENSE file that accompanied this code).
 * 
 * You should have received a copy of the GNU General Public License
 * version 2 along with this work; if not, write to the Free Software
 * Foundation, Inc., 51 Franklin St, Fifth Floor, Boston, MA
 * 02110-1301 USA
 * 
 * Please contact Sun Microsystems, Inc., 16 Network Circle, Menlo
 * Park, CA 94025 or visit www.sun.com if you need additional
 * information or have any questions.
 */
-->
 
<project name="find-spots">

    <target name="-prim-find-spots" unless="remoteaddress">
        <!-- I think this is a port used for LabView
             ni-visa-remote  3537/tcp   Remote NI-VISA port
             ni-visa-remote  3537/udp   Remote NI-VISA port -->
       <frcfindspot remoteaddressproperty="remoteaddress" localaddressproperty="localaddress" port="3537" stopatfirst="true"/>
    </target>
    
	<target name="-checkhasremoteaddress" unless="remoteaddress">
	    <echo>You have not provide an address for remoteaddress.
Options are
  - use -Dremoteaddress=
  - create a .sunspotfrcuser.properties with
    remoteaddress=&lt;desired IP address&gt;</echo>
        <fail/>
	</target>

	<target name="-do-find-spots" depends="-prim-find-spots,-checkhasremoteaddress">
		<property name="do.find.spots.has.executed" value="true"/>
	</target>

</project>
