<!--
/*
 * Copyright 2005-2010 Sun Microsystems, Inc. All Rights Reserved.
 * DO NOT ALTER OR REMOVE COPYRIGHT NOTICES OR THIS FILE HEADER
 * 
 * This code is free software; you can redistribute it and/or modify
 * it under the terms of the GNU General Public License version 2
 * only, as published by the Free Software Foundation.
 * 
 * This code is distributed in the hope that it will be useful, but
 * WITHOUT ANY WARRANTY; without even the implied warranty of
 * MERCHANTABILITY or FITNESS FOR A PARTICULAR PURPOSE. See the GNU
 * General Public License version 2 for more details (a copy is
 * included in the LICENSE file that accompanied this code).
 * 
 * You should have received a copy of the GNU General Public License
 * version 2 along with this work; if not, write to the Free Software
 * Foundation, Inc., 51 Franklin St, Fifth Floor, Boston, MA
 * 02110-1301 USA
 * 
 * Please contact Sun Microsystems, Inc., 16 Network Circle, Menlo
 * Park, CA 94025 or visit www.sun.com if you need additional
 * information or have any questions.
 */
-->

<project name="host-run">
    <target name="-pre-host-run" />

    <target name="-do-host-run">
		<fail unless="port">Must set port on command line (-Dport=xxxx)</fail>
        <java classname="${main.class}"
              classpath="${build.dir}:${hostagent.run.classpath}"
              fork="true"
              failonerror="true">
            <jvmarg value="-Djava.library.path=${sunspot.lib}${path.separator}${user.library.path}"/>
            <sysproperty key="squawk.startup.arguments" value="${squawk.startup.arguments}"/>
            <sysproperty key="SERIAL_PORT" value="${port}"/>
	    <sysproperty key="spot.basestation.sharing" value="${basestation.shared}" />
	    <sysproperty key="spotclient.addin.classes" value="${spotclient.all.addin.classes}" />
	    <sysproperty key="remote.channel" value="${remote.channel}"/>
	    <sysproperty key="remote.pan.id" value="${remote.pan.id}"/>
	    <sysproperty key="remote.transmit.power" value="${remote.transmit.power}"/>
            <sysproperty key="spot.mesh.route.logging" value="${spot.mesh.route.logging}"/>
	    <sysproperty key="spot.mesh.routing.enable" value="endnode" />
	    <sysproperty key="spot.radiostream.logging" value="${spot.radiostream.logging}"/>
            <sysproperty key="spot.log.connections" value="${spot.log.connections}"/>
            <sysproperty key="spotclient.verbose" value="${spotclient.verbose}"/>
	    <sysproperty key="spot.diagnostics" value="${spot.diagnostics}"/>
	    <sysproperty key="error.log" value="${error.log}"/>
            <jvmarg line="${host.jvmargs}"/>
            <arg line="${main.args}"/>
        </java> 
    </target>

    <target name="-set-selector-for-host-run">
       <property name="spotselector.findbasestation" value="true" />    
    </target>
    
    <target name="-post-host-run"/>
</project>
