<!--
/*
 * Copyright 2005-2010 Sun Microsystems, Inc. All Rights Reserved.
 * DO NOT ALTER OR REMOVE COPYRIGHT NOTICES OR THIS FILE HEADER
 * 
 * This code is free software; you can redistribute it and/or modify
 * it under the terms of the GNU General Public License version 2
 * only, as published by the Free Software Foundation.
 * 
 * This code is distributed in the hope that it will be useful, but
 * WITHOUT ANY WARRANTY; without even the implied warranty of
 * MERCHANTABILITY or FITNESS FOR A PARTICULAR PURPOSE. See the GNU
 * General Public License version 2 for more details (a copy is
 * included in the LICENSE file that accompanied this code).
 * 
 * You should have received a copy of the GNU General Public License
 * version 2 along with this work; if not, write to the Free Software
 * Foundation, Inc., 51 Franklin St, Fifth Floor, Boston, MA
 * 02110-1301 USA
 * 
 * Please contact Sun Microsystems, Inc., 16 Network Circle, Menlo
 * Park, CA 94025 or visit www.sun.com if you need additional
 * information or have any questions.
 */
-->

<project name="Solarium">
    <target name="-do-run-solarium">
    
    	<path id="spotworld.classpath.1">
		<pathelement location="${sunspot.lib}/SPOTWorld/lib/SPOTWorld.jar"/>
	    	<pathelement location="${sunspot.lib}/SPOTWorld/lib/SPOTWorldImages.jar"/>
	    	<pathelement location="${sunspot.lib}/SPOTWorld/lib/"/>
	    	<pathelement location="${sunspot.bin}/debugger-proxy_classes.jar"/>
	    	<pathelement location="${sunspot.bin}/romizer_classes.jar"/>
	</path>

    	<path id="spotworld.classpath.2">
	    	<pathelement location="${sunspot.lib}/SPOTWorld/lib/ant.jar"/>
	    	<pathelement location="${sunspot.lib}/SPOTWorld/lib/ant-launcher.jar"/>
	    	<pathelement location="${sunspot.bin}/translator_classes.jar"/>
	    	<pathelement location="${sunspot.bin}/hosted-support_classes.jar"/>
	    	<pathelement location="${sunspot.bin}/squawk.jar"/>
	    	<pathelement location="${sunspot.bin}/squawk_host_classes.jar"/>
	    	<pathelement location="${sunspot.lib}/SPOTWorld/lib/dockingFramesCore.jar"/>
    		<pathelement location="${sunspot.lib}/SPOTWorld/lib/swing-layout-1.0.jar"/>
    		<pathelement location="${sunspot.lib}/SPOTWorld/lib/org-jdesktop-layout.jar"/>
	</path>

	<condition property="solarium.args" value="${main.args} -config=${config.file}" else="${main.args}">
		<isset property="config.file"/>
	</condition>

        <echo message="Java Runtime Environment version: ${java.version}"/>
        <property name="spot.mesh.route.logging" value="false" />
        <java classname="com.sun.spot.solarium.Solarium"
              fork="true"
              failonerror="true">
            <classpath refid="spotworld.classpath.1"/>
            <classpath path="${hostagent.base.run.classpath}"/>
            <classpath refid="spotworld.classpath.2"/>
            <jvmarg value="-Djava.library.path=${sunspot.bin}${path.separator}${sunspot.lib}${path.separator}${user.library.path}"/>
	    <jvmarg value="-XX:CompileCommand=exclude,com/sun/squawk/Method.getParameterTypes"/>
	    <jvmarg value="-XX:CompileCommand=exclude,com/sun/squawk/SymbolParser.getSignatureTypeAt"/>
	    <jvmarg value="-XX:CompileCommand=exclude,com/sun/squawk/SymbolParser.stripMethods"/>
	    <jvmarg value="-Xmx256M"/>
	    <sysproperty key="spot.basestation.sharing" value="${basestation.shared}" />
	    <sysproperty key="spotclient.addin.classes" value="${spotclient.all.addin.classes}" />
	    <sysproperty key="SERIAL_PORT" value="${port}"/>
	    <sysproperty key="sunspot.home" value="${sunspot.home}"/>
	    <sysproperty key="sunspot.lib" value="${sunspot.lib}"/>
	    <sysproperty key="squawk.startup.arguments" value="${squawk.startup.arguments}"/>
	    <sysproperty key="spotworld.dir" value="${sunspot.lib}/SPOTWorld"/>
	    <sysproperty key="debugclient.classpath" value="${debugclient.classpath}"/>
	    <sysproperty key="remote.channel" value="${remote.channel}"/>
	    <sysproperty key="remote.pan.id" value="${remote.pan.id}"/>
	    <sysproperty key="remote.transmit.power" value="${remote.transmit.power}"/>
	    <sysproperty key="spot.mesh.routing.enable" value="endnode" />
	    <sysproperty key="spot.mesh.route.logging" value="${spot.mesh.route.logging}"/>
	    <sysproperty key="spot.radiostream.logging" value="${spot.radiostream.logging}"/>
	    <sysproperty key="spot.log.connections" value="${spot.log.connections}"/>
	    <sysproperty key="spot.diagnostics" value="${spot.diagnostics}"/>
	    <sysproperty key="keyStoreDir" value="${spotclient.keyStore.dir}"/>
	    <sysproperty key="libFileDir" value="${sunspot.lib}"/>
	    <sysproperty key="sysBinDir" value="${spotclient.sysBin.dir}"/>
	    <sysproperty key="executable.path" value="${executable.path}"/>
            <arg line="${solarium.args}"/>
        </java> 
    </target>
</project>
