<!--
/*
 * Copyright 2005-2008 Sun Microsystems, Inc. All Rights Reserved.
 * DO NOT ALTER OR REMOVE COPYRIGHT NOTICES OR THIS FILE HEADER
 * 
 * This code is free software; you can redistribute it and/or modify
 * it under the terms of the GNU General Public License version 2
 * only, as published by the Free Software Foundation.
 * 
 * This code is distributed in the hope that it will be useful, but
 * WITHOUT ANY WARRANTY; without even the implied warranty of
 * MERCHANTABILITY or FITNESS FOR A PARTICULAR PURPOSE. See the GNU
 * General Public License version 2 for more details (a copy is
 * included in the LICENSE file that accompanied this code).
 * 
 * You should have received a copy of the GNU General Public License
 * version 2 along with this work; if not, write to the Free Software
 * Foundation, Inc., 51 Franklin St, Fifth Floor, Boston, MA
 * 02110-1301 USA
 * 
 * Please contact Sun Microsystems, Inc., 16 Network Circle, Menlo
 * Park, CA 94025 or visit www.sun.com if you need additional
 * information or have any questions.
 */
-->

<project name="sysadmin">
	<target name="-pre-sysadmin"/>

	<target name="-do-sysadmin" depends="-test-ant-version,-unable-to-sysadmin,-really-do-sysadmin" />
	
	<target name="-test-ant-version">
		<fail unless="port">Must set port on command line (-Dport=xxxx)</fail>
		<!-- Test whether the ant version is not one of those that did not support
    		 standard input for forked processes  -->
		<condition property="ok.for.sysadmin">
			<not>
				<or>
					<contains string="${ant.version}" substring="1.1" casesensitive="no" />
					<contains string="${ant.version}" substring="1.2" casesensitive="no" />
					<contains string="${ant.version}" substring="1.3" casesensitive="no" />
					<contains string="${ant.version}" substring="1.4" casesensitive="no" />
					<contains string="${ant.version}" substring="1.5" casesensitive="no" />
					<contains string="${ant.version}" substring="1.6.0" casesensitive="no" />
					<contains string="${ant.version}" substring="1.6.1" casesensitive="no" />
					<contains string="${ant.version}" substring="1.6.2" casesensitive="no" />
				</or>
			</not>
		</condition>
    </target>
	
	<target name="-unable-to-sysadmin" unless="ok.for.sysadmin">
    	<echo></echo>
    	<echo></echo>
    	<echo>Due to a bug in ant &lt;= 1.6.2, for interactivity the spotclient must be run manually.</echo>
        <echo>To run the spotclient, execute:</echo>
        <echo></echo>
        <echo>java '-Djava.library.path=${sunspot.lib}' -cp '${spotclient.classpath}' 'com.sun.spot.client.ui.SpotClientCommandLineUI' '-app${basedir}/${suite.dir}/${image.name}' '-sysBin${spotclient.sysBin.dir}' '-keyStorePath${spotclient.keyStore.dir}' '-p${port}'</echo>
        <echo></echo>
  		<echo>If you plan to interact with a remote spot, add "-r[remote-spot-serial-num]"</echo>
    	<echo></echo>
  		<echo></echo>
	</target>

	<target name="-really-do-sysadmin" if="ok.for.sysadmin">
		<antcall target="-run-spotclient">
			<param name="spotclient.script.argument" value="" />
		</antcall>
	</target>

    <target name="-post-sysadmin"/>
</project>
